sport,league,date,home_team,away_team,home_score,away_score,odds_home,odds_draw,odds_away
Fotbal,2.čínská liga,2024-09-06,Qingdao_Red_Lions,Shanghai_Jiading,0.0,0.0,1.61,3.38,4.97
Fotbal,2.čínská liga,2024-09-07,Heilongjiang_Lava_Spring,Shijiazhuang_Kungfu,0.0,1.0,3.15,2.87,2.25
Fotbal,2.čínská liga,2024-09-07,Jiangxi_Liansheng,Liaoning,1.0,1.0,5.01,3.89,1.51
Fotbal,2.čínská liga,2024-09-07,Yunnan_Yukun,Guangxi_Pingguo_Haliao,0.0,0.0,1.2,5.59,11.8
Fotbal,2.čínská liga,2024-09-08,Yanbian_Longding,Dalian_Zhixing,2.0,2.0,5.03,3.5,1.58
Fotbal,2.čínská liga,2024-09-08,Chongqing_Tongliang_Long,Foshan_Nanshi,1.0,1.0,1.17,6.14,13.5
Fotbal,2.čínská liga,2024-09-08,Suzhou_Dongwu,Nanjing_City,2.0,1.0,2.08,2.94,3.44
Fotbal,2.čínská liga,2024-09-08,Wuxi_Wugou,Guangzhou_Evergrande,1.0,4.0,3.98,3.35,1.77
Fotbal,2.čínská liga,2024-09-15,Dalian_Zhixing,Shijiazhuang_Kungfu,1.0,1.0,1.62,3.31,5.0
Fotbal,2.čínská liga,2024-09-15,Liaoning,Yanbian_Longding,2.0,1.0,1.61,3.57,4.66
Fotbal,2.čínská liga,2024-09-15,Chongqing_Tongliang_Long,Yunnan_Yukun,3.0,2.0,2.97,2.87,2.36
Fotbal,2.čínská liga,2024-09-15,Guangzhou_Evergrande,Suzhou_Dongwu,1.0,1.0,1.73,3.48,4.03
Fotbal,2.čínská liga,2024-09-15,Nanjing_City,Wuxi_Wugou,1.0,1.0,1.73,3.29,4.29
Fotbal,2.čínská liga,2024-09-16,Foshan_Nanshi,Guangxi_Pingguo_Haliao,1.0,1.0,3.68,3.05,1.95
Fotbal,2.čínská liga,2024-09-16,Qingdao_Red_Lions,Jiangxi_Liansheng,1.0,2.0,1.75,3.31,4.17
Fotbal,2.čínská liga,2024-09-16,Shanghai_Jiading,Heilongjiang_Lava_Spring,,,2.34,2.83,3.04
Fotbal,2.čínská liga,2024-09-17,Shanghai_Jiading,Heilongjiang_Lava_Spring,0.0,0.0,2.2,2.76,3.4
Fotbal,2.čínská liga,2024-09-21,Heilongjiang_Lava_Spring,Yanbian_Longding,0.0,1.0,2.43,2.85,2.89
Fotbal,2.čínská liga,2024-09-21,Guangxi_Pingguo_Haliao,Shanghai_Jiading,2.0,2.0,1.5,3.48,6.12
Fotbal,2.čínská liga,2024-09-21,Guangzhou_Evergrande,Dalian_Zhixing,2.0,0.0,2.28,3.28,2.74
Fotbal,2.čínská liga,2024-09-21,Yunnan_Yukun,Qingdao_Red_Lions,5.0,0.0,1.14,6.76,15.1
Fotbal,2.čínská liga,2024-09-22,Jiangxi_Liansheng,Nanjing_City,2.0,1.0,3.55,3.11,1.96
Fotbal,2.čínská liga,2024-09-22,Shijiazhuang_Kungfu,Liaoning,0.0,1.0,2.71,2.96,2.51
Fotbal,2.čínská liga,2024-09-22,Suzhou_Dongwu,Chongqing_Tongliang_Long,1.0,0.0,3.85,3.12,1.88
Fotbal,2.čínská liga,2024-09-22,Wuxi_Wugou,Foshan_Nanshi,4.0,1.0,2.05,2.97,3.48
Fotbal,2.čínská liga,2024-09-27,Qingdao_Red_Lions,Guangzhou_Evergrande,1.0,1.0,5.77,4.18,1.42
Fotbal,2.čínská liga,2024-09-28,Dalian_Zhixing,Jiangxi_Liansheng,3.0,0.0,1.26,4.8,9.47
Fotbal,2.čínská liga,2024-09-28,Liaoning,Heilongjiang_Lava_Spring,3.0,0.0,1.4,4.13,6.19
Fotbal,2.čínská liga,2024-09-28,Yanbian_Longding,Yunnan_Yukun,1.0,3.0,5.38,3.83,1.49
Fotbal,2.čínská liga,2024-09-28,Chongqing_Tongliang_Long,Nanjing_City,1.0,0.0,1.6,3.37,5.03
Fotbal,2.čínská liga,2024-09-28,Guangxi_Pingguo_Haliao,Suzhou_Dongwu,1.0,1.0,2.08,3.0,3.36
Fotbal,2.čínská liga,2024-09-29,Foshan_Nanshi,Shijiazhuang_Kungfu,1.0,1.0,3.37,2.92,2.11
Fotbal,2.čínská liga,2024-09-29,Shanghai_Jiading,Wuxi_Wugou,2.0,0.0,2.58,2.74,2.83
Fotbal,2.čínská liga,2024-10-05,Wuxi_Wugou,Liaoning,1.0,2.0,3.81,3.38,1.8
Fotbal,2.čínská liga,2024-10-05,Foshan_Nanshi,Heilongjiang_Lava_Spring,5.0,1.0,2.29,2.89,3.06
Fotbal,2.čínská liga,2024-10-05,Guangzhou_Evergrande,Guangxi_Pingguo_Haliao,1.0,1.0,1.58,3.7,4.71
Fotbal,2.čínská liga,2024-10-05,Nanjing_City,Shijiazhuang_Kungfu,1.0,1.0,2.09,2.84,3.56
Fotbal,2.čínská liga,2024-10-05,Suzhou_Dongwu,Qingdao_Red_Lions,2.0,1.0,1.72,3.33,4.31
Fotbal,2.čínská liga,2024-10-06,Jiangxi_Liansheng,Yanbian_Longding,0.0,1.0,2.37,3.14,2.72
Fotbal,2.čínská liga,2024-10-06,Chongqing_Tongliang_Long,Dalian_Zhixing,3.0,0.0,2.1,2.87,3.49
Fotbal,2.čínská liga,2024-10-06,Yunnan_Yukun,Shanghai_Jiading,2.0,0.0,1.11,8.07,17.2
Fotbal,2.čínská liga,2024-10-12,Guangxi_Pingguo_Haliao,Yanbian_Longding,3.0,2.0,1.23,5.27,9.97
Fotbal,2.čínská liga,2024-10-12,Qingdao_Red_Lions,Liaoning,0.0,1.0,2.91,3.24,2.19
Fotbal,2.čínská liga,2024-10-12,Yunnan_Yukun,Suzhou_Dongwu,3.0,0.0,1.52,3.99,4.86
Fotbal,2.čínská liga,2024-10-12,Guangzhou_Evergrande,Jiangxi_Liansheng,0.0,0.0,1.24,5.28,9.02
Fotbal,2.čínská liga,2024-10-13,Heilongjiang_Lava_Spring,Wuxi_Wugou,0.0,1.0,2.82,2.91,2.45
Fotbal,2.čínská liga,2024-10-13,Dalian_Zhixing,Nanjing_City,2.0,0.0,1.52,3.52,5.58
Fotbal,2.čínská liga,2024-10-13,Shanghai_Jiading,Foshan_Nanshi,0.0,0.0,2.36,2.66,3.23
Fotbal,2.čínská liga,2024-10-13,Shijiazhuang_Kungfu,Chongqing_Tongliang_Long,1.0,0.0,4.28,3.04,1.82
Fotbal,2.čínská liga,2024-10-19,Liaoning,Guangzhou_Evergrande,0.0,2.0,2.07,3.23,3.13
Fotbal,2.čínská liga,2024-10-19,Yanbian_Longding,Qingdao_Red_Lions,0.0,0.0,2.36,3.05,2.8
Fotbal,2.čínská liga,2024-10-19,Jiangxi_Liansheng,Foshan_Nanshi,0.0,1.0,2.42,2.87,2.89
Fotbal,2.čínská liga,2024-10-19,Chongqing_Tongliang_Long,Shanghai_Jiading,1.0,1.0,1.24,4.92,11.0
Fotbal,2.čínská liga,2024-10-19,Shijiazhuang_Kungfu,Yunnan_Yukun,3.0,2.0,3.21,3.09,2.1
Fotbal,2.čínská liga,2024-10-20,Wuxi_Wugou,Dalian_Zhixing,1.0,2.0,4.97,3.59,1.57
Fotbal,2.čínská liga,2024-10-20,Nanjing_City,Guangxi_Pingguo_Haliao,4.0,1.0,2.69,2.86,2.6
Fotbal,2.čínská liga,2024-10-20,Suzhou_Dongwu,Heilongjiang_Lava_Spring,0.0,0.0,1.49,3.72,5.57
Fotbal,2.čínská liga,2024-10-26,Foshan_Nanshi,Liaoning,0.0,2.0,2.92,3.01,2.3
Fotbal,2.čínská liga,2024-10-26,Guangxi_Pingguo_Haliao,Heilongjiang_Lava_Spring,1.0,0.0,1.99,3.34,3.22
Fotbal,2.čínská liga,2024-10-26,Guangzhou_Evergrande,Yanbian_Longding,3.0,1.0,1.26,4.95,9.17
Fotbal,2.čínská liga,2024-10-26,Qingdao_Red_Lions,Nanjing_City,2.0,1.0,1.73,3.24,4.39
Fotbal,2.čínská liga,2024-10-26,Shanghai_Jiading,Shijiazhuang_Kungfu,0.0,1.0,3.87,2.98,1.93
Fotbal,2.čínská liga,2024-10-26,Suzhou_Dongwu,Jiangxi_Liansheng,4.0,1.0,1.38,4.23,6.44
Fotbal,2.čínská liga,2024-10-26,Wuxi_Wugou,Chongqing_Tongliang_Long,0.0,1.0,2.62,3.04,2.52
Fotbal,2.čínská liga,2024-10-26,Yunnan_Yukun,Dalian_Zhixing,2.0,0.0,1.93,3.32,3.4
Fotbal,2.čínská liga,2024-11-03,Chongqing_Tongliang_Long,Guangxi_Pingguo_Haliao,1.0,1.0,1.48,3.79,5.57
Fotbal,2.čínská liga,2024-11-03,Dalian_Zhixing,Shanghai_Jiading,2.0,1.0,1.22,5.01,13.2
Fotbal,2.čínská liga,2024-11-03,Heilongjiang_Lava_Spring,Qingdao_Red_Lions,2.0,1.0,1.68,3.34,4.5
Fotbal,2.čínská liga,2024-11-03,Jiangxi_Liansheng,Wuxi_Wugou,2.0,0.0,4.58,3.75,1.58
Fotbal,2.čínská liga,2024-11-03,Liaoning,Yunnan_Yukun,2.0,1.0,2.82,3.34,2.2
Fotbal,2.čínská liga,2024-11-03,Nanjing_City,Guangzhou_Evergrande,2.0,1.0,3.34,3.3,1.96
Fotbal,2.čínská liga,2024-11-03,Shijiazhuang_Kungfu,Suzhou_Dongwu,2.0,0.0,1.99,3.13,3.43
Fotbal,2.čínská liga,2024-11-03,Yanbian_Longding,Foshan_Nanshi,0.0,1.0,1.31,4.61,7.64
Fotbal,2.čínská liga,2025-03-15,Chongqing_Tongliang_Long,Qingdao_Red_Lions,1.0,1.0,1.48,3.62,5.96
Fotbal,2.čínská liga,2025-03-15,Guangdong_GZ-Power,Yanbian_Longding,4.0,0.0,1.53,3.45,5.66
Fotbal,2.čínská liga,2025-03-15,Guangxi_Pingguo_Haliao,Liaoning,0.0,3.0,8.86,5.02,1.26
Fotbal,2.čínská liga,2025-03-15,Nantong_Zhiyun,Shanghai_Jiading,1.0,0.0,2.15,2.87,3.36
Fotbal,2.čínská liga,2025-03-16,Dingnan_United,Shijiazhuang_Kungfu,2.0,2.0,3.83,2.92,1.97
Fotbal,2.čínská liga,2025-03-16,Shenzhen_Juniors,Foshan_Nanshi,2.0,1.0,2.09,2.79,3.65
Fotbal,2.čínská liga,2025-03-16,Suzhou_Dongwu,Shaanxi_Changan,0.0,0.0,1.65,3.19,5.0
Fotbal,2.čínská liga,2025-03-16,Nanjing_City,Dalian_Huayi,1.0,2.0,2.99,2.73,2.45
Fotbal,2.čínská liga,2025-03-29,Qingdao_Red_Lions,Yanbian_Longding,1.0,1.0,1.79,3.09,4.35
Fotbal,2.čínská liga,2025-03-29,Chongqing_Tongliang_Long,Liaoning,2.0,1.0,2.49,2.8,2.87
Fotbal,2.čínská liga,2025-03-29,Nantong_Zhiyun,Shijiazhuang_Kungfu,0.0,2.0,1.97,2.88,3.88
Fotbal,2.čínská liga,2025-03-30,Dalian_Huayi,Guangdong_GZ-Power,0.0,2.0,3.16,2.76,2.32
Fotbal,2.čínská liga,2025-03-30,Foshan_Nanshi,Suzhou_Dongwu,0.0,2.0,3.56,2.95,2.03
Fotbal,2.čínská liga,2025-03-30,Shaanxi_Changan,Dingnan_United,3.0,1.0,1.91,3.03,3.85
Fotbal,2.čínská liga,2025-03-30,Shanghai_Jiading,Shenzhen_Juniors,2.0,1.0,2.78,2.68,2.69
Fotbal,2.čínská liga,2025-03-30,Guangxi_Pingguo_Haliao,Nanjing_City,0.0,1.0,3.86,3.19,1.85
Fotbal,2.čínská liga,2025-04-05,Dingnan_United,Guangdong_GZ-Power,1.0,1.0,4.83,3.51,1.6
Fotbal,2.čínská liga,2025-04-05,Qingdao_Red_Lions,Dalian_Huayi,0.0,0.0,2.92,2.82,2.43
Fotbal,2.čínská liga,2025-04-05,Shanghai_Jiading,Shijiazhuang_Kungfu,0.0,2.0,3.84,2.77,2.04
Fotbal,2.čínská liga,2025-04-05,Suzhou_Dongwu,Guangxi_Pingguo_Haliao,0.0,0.0,1.5,3.56,5.89
Fotbal,2.čínská liga,2025-04-06,Liaoning,Yanbian_Longding,2.0,1.0,1.22,5.27,10.9
Fotbal,2.čínská liga,2025-04-06,Foshan_Nanshi,Shaanxi_Changan,2.0,1.0,2.8,2.9,2.48
Fotbal,2.čínská liga,2025-04-06,Shenzhen_Juniors,Chongqing_Tongliang_Long,0.0,3.0,4.92,3.48,1.59
Fotbal,2.čínská liga,2025-04-06,Nanjing_City,Nantong_Zhiyun,0.0,0.0,2.29,2.83,3.14
